Code,Zone Category,Space Description,Space Category Codes,Source (for internal use),Include in BuildUp Area Calc.?,Include in Gross Area Calc.?,Include in Net Area Calc.?,Include in Gross Floor Area Calc.?,,,,,,,,,,,,,,,,,,,,,,,,,
1,Amenities,Hypermarket ,SC_10_10_10,DM_GIS_BDDS_v5.3,Yes,Yes,If(IsOccupiedSpace)=True or (IsHabitableSpace)=True,If(IsOccupiedSpace)=True or (IsHabitableSpace)=True,,,,,,,,,,,,,,,,,,,,,,,,,
2,Amenities,Kiosk ,SC_10_10_15,DM_GIS_BDDS_v5.3,Yes,Yes,If(IsOccupiedSpace)=True or (IsHabitableSpace)=True,If(IsOccupiedSpace)=True or (IsHabitableSpace)=True,,,,,,,,,,,,,,,,,,,,,,,,,
3,Amenities,Salon ,SC_10_15_10,DM_GIS_BDDS_v5.3,Yes,Yes,If(IsOccupiedSpace)=True or (IsHabitableSpace)=True,If(IsOccupiedSpace)=True or (IsHabitableSpace)=True,,,,,,,,,,,,,,,,,,,,,,,,,
4,Amenities,Barber ,SC_10_15_15,DM_GIS_BDDS_v5.3,Yes,Yes,If(IsOccupiedSpace)=True or (IsHabitableSpace)=True,If(IsOccupiedSpace)=True or (IsHabitableSpace)=True,,,,,,,,,,,,,,,,,,,,,,,,,
5,Amenities,Restaurant ,SC_10_20_10,DM_GIS_BDDS_v5.3,Yes,Yes,If(IsOccupiedSpace)=True or (IsHabitableSpace)=True,If(IsOccupiedSpace)=True or (IsHabitableSpace)=True,,,,,,,,,,,,,,,,,,,,,,,,,
6,Amenities,Food Court,SC_10_20_15,DM_GIS_BDDS_v5.3,Yes,Yes,If(IsOccupiedSpace)=True or (IsHabitableSpace)=True,If(IsOccupiedSpace)=True or (IsHabitableSpace)=True,,,,,,,,,,,,,,,,,,,,,,,,,
7,Amenities,Open Dinning Area ,SC_10_20_20,DM_GIS_BDDS_v5.3,Yes,Yes,If(IsOccupiedSpace)=True or (IsHabitableSpace)=True,If(IsOccupiedSpace)=True or (IsHabitableSpace)=True,,,,,,,,,,,,,,,,,,,,,,,,,
8,Amenities,Pantry ,SC_10_20_25,DM_GIS_BDDS_v5.3,Yes,Yes,If(IsOccupiedSpace)=True or (IsHabitableSpace)=True,If(IsOccupiedSpace)=True or (IsHabitableSpace)=True,,,,,,,,,,,,,,,,,,,,,,,,,
9,Amenities,Gym,SC_10_25_10,DM_GIS_BDDS_v5.3,Yes,Yes,If(IsOccupiedSpace)=True or (IsHabitableSpace)=True,If(IsOccupiedSpace)=True or (IsHabitableSpace)=True,,,,,,,,,,,,,,,,,,,,,,,,,
10,Amenities,Exercise Hall ,SC_10_25_15,DM_GIS_BDDS_v5.3,Yes,Yes,If(IsOccupiedSpace)=True or (IsHabitableSpace)=True,If(IsOccupiedSpace)=True or (IsHabitableSpace)=True,,,,,,,,,,,,,,,,,,,,,,,,,
11,Amenities,Aerobic Hall ,SC_10_25_20,DM_GIS_BDDS_v5.3,Yes,Yes,If(IsOccupiedSpace)=True or (IsHabitableSpace)=True,If(IsOccupiedSpace)=True or (IsHabitableSpace)=True,,,,,,,,,,,,,,,,,,,,,,,,,
12,Amenities,Fitness Area,SC_10_25_25,DM_GIS_BDDS_v5.3,Yes,Yes,If(IsOccupiedSpace)=True or (IsHabitableSpace)=True,If(IsOccupiedSpace)=True or (IsHabitableSpace)=True,,,,,,,,,,,,,,,,,,,,,,,,,
13,Amenities,Kids Play Room,SC_10_25_30,DM_GIS_BDDS_v5.3,Yes,Yes,If(IsOccupiedSpace)=True or (IsHabitableSpace)=True,If(IsOccupiedSpace)=True or (IsHabitableSpace)=True,,,,,,,,,,,,,,,,,,,,,,,,,
14,Amenities,Kids Play Area,SC_10_25_35,DM_GIS_BDDS_v5.3,Yes If(IfcSpace.IsCovered)=True and (IsLightWeightCovering)=False ,Yes If(IfcSpace.IsCovered)=True and (IsLightWeightCovering)=False And (IsExternal)=False,If(IsOccupiedSpace)=True or (IsHabitableSpace)=True,If(IsOccupiedSpace)=True or (IsHabitableSpace)=True,,,,,,,,,,,,,,,,,,,,,,,,,
15,Amenities,Play Area,SC_10_25_40,DM_GIS_BDDS_v5.3,Yes If(IfcSpace.IsCovered)=True and (IsLightWeightCovering)=False ,Yes If(IfcSpace.IsCovered)=True and (IsLightWeightCovering)=False And (IsExternal)=False,If(IsOccupiedSpace)=True or (IsHabitableSpace)=True,If(IsOccupiedSpace)=True or (IsHabitableSpace)=True,,,,,,,,,,,,,,,,,,,,,,,,,
16,Amenities,Swimming Pool,SC_10_25_45,DM_GIS_BDDS_v5.3,Yes If(IfcSpace.IsCovered)=True and (IsLightWeightCovering)=False ,Yes If(IfcSpace.IsCovered)=True and (IsLightWeightCovering)=False And (IsExternal)=False,If(IsOccupiedSpace)=True or (IsHabitableSpace)=True,No,,,,,,,,,,,,,,,,,,,,,,,,,
17,Amenities,Swimming Pool Deck,SC_10_25_50,DM_GIS_BDDS_v5.3,Yes If(IfcSpace.IsCovered)=True and (IsLightWeightCovering)=False ,Yes If(IfcSpace.IsCovered)=True and (IsLightWeightCovering)=False And (IsExternal)=False,If(IsOccupiedSpace)=True or (IsHabitableSpace)=True,No,,,,,,,,,,,,,,,,,,,,,,,,,
18,Amenities,Sport Facility,SC_10_25_55,DM_GIS_BDDS_v5.3,Yes If(IfcSpace.IsCovered)=True and (IsLightWeightCovering)=False ,Yes If(IfcSpace.IsCovered)=True and (IsLightWeightCovering)=False And (IsExternal)=False,If(IsOccupiedSpace)=True or (IsHabitableSpace)=True,If(IsOccupiedSpace)=True or (IsHabitableSpace)=True,,,,,,,,,,,,,,,,,,,,,,,,,
19,Amenities,Prayer Room,SC_10_30_10,DM_GIS_BDDS_v5.3,Yes,Yes,If(IsOccupiedSpace)=True or (IsHabitableSpace)=True,No,,,,,,,,,,,,,,,,,,,,,,,,,
20,Amenities,Female Prayer Room,SC_10_30_15,DM_GIS_BDDS_v5.3,Yes,Yes,If(IsOccupiedSpace)=True or (IsHabitableSpace)=True,No,,,,,,,,,,,,,,,,,,,,,,,,,
21,Amenities,Male Prayer Room,SC_10_30_20,DM_GIS_BDDS_v5.3,Yes,Yes,If(IsOccupiedSpace)=True or (IsHabitableSpace)=True,No,,,,,,,,,,,,,,,,,,,,,,,,,
22,Amenities,Cinema ,SC_10_35_10,DM_GIS_BDDS_v5.3,Yes,Yes,If(IsOccupiedSpace)=True or (IsHabitableSpace)=True,If(IsOccupiedSpace)=True or (IsHabitableSpace)=True,,,,,,,,,,,,,,,,,,,,,,,,,
23,Amenities,Entertainment Area,SC_10_35_15,DM_GIS_BDDS_v5.3,Yes,Yes,If(IsOccupiedSpace)=True or (IsHabitableSpace)=True,If(IsOccupiedSpace)=True or (IsHabitableSpace)=True,,,,,,,,,,,,,,,,,,,,,,,,,
24,Amenities,Staff Rest Area,SC_10_40_10,DM_GIS_BDDS_v5.3,Yes,Yes,If(IsOccupiedSpace)=True or (IsHabitableSpace)=True,If(IsOccupiedSpace)=True or (IsHabitableSpace)=True,,,,,,,,,,,,,,,,,,,,,,,,,
25,Amenities,Waiting Area,SC_10_40_15,DM_GIS_BDDS_v5.3,Yes,Yes,If(IsOccupiedSpace)=True or (IsHabitableSpace)=True,If(IsOccupiedSpace)=True or (IsHabitableSpace)=True,,,,,,,,,,,,,,,,,,,,,,,,,
26,Amenities,Landscape,SC_10_40_20,DM_GIS_BDDS_v5.3,Yes If(IfcSpace.IsCovered)=True and (IsLightWeightCovering)=False ,Yes If(IfcSpace.IsCovered)=True and (IsLightWeightCovering)=False And (IsExternal)=False,If(IsOccupiedSpace)=True or (IsHabitableSpace)=True,If(IsOccupiedSpace)=True or (IsHabitableSpace)=True,,,,,,,,,,,,,,,,,,,,,,,,,
27,Amenities,Multipurpose Hall,SC_10_45_10,DM_GIS_BDDS_v5.3,Yes,Yes,If(IsOccupiedSpace)=True or (IsHabitableSpace)=True,If(IsOccupiedSpace)=True or (IsHabitableSpace)=True,,,,,,,,,,,,,,,,,,,,,,,,,
28,Amenities,Clinic,SC_10_50_10,DM_GIS_BDDS_v5.3,Yes,Yes,If(IsOccupiedSpace)=True or (IsHabitableSpace)=True,If(IsOccupiedSpace)=True or (IsHabitableSpace)=True,,,,,,,,,,,,,,,,,,,,,,,,,
29,Amenities,Ironing Room,SC_10_55_10,DM_GIS_BDDS_v5.3,Yes,Yes,If(IsOccupiedSpace)=True or (IsHabitableSpace)=True,If(IsOccupiedSpace)=True or (IsHabitableSpace)=True,,,,,,,,,,,,,,,,,,,,,,,,,
30,Amenities,Spa,SC_10_60_10,DM_GIS_BDDS_v5.3,Yes,Yes,If(IsOccupiedSpace)=True or (IsHabitableSpace)=True,If(IsOccupiedSpace)=True or (IsHabitableSpace)=True,,,,,,,,,,,,,,,,,,,,,,,,,
31,Circulation Areas,Entry Hall,SC_15_10_10,DM_GIS_BDDS_v5.3,Yes,Yes,If(IsOccupiedSpace)=True or (IsHabitableSpace)=True,Yes,,,,,,,,,,,,,,,,,,,,,,,,,1
32,Circulation Areas,Entrance,SC_15_10_15,DM_GIS_BDDS_v5.3,Yes,Yes,If(IsOccupiedSpace)=True or (IsHabitableSpace)=True,Yes,,,,,,,,,,,,,,,,,,,,,,,,,
33,Circulation Areas,Main Hall,SC_15_10_20,DM_GIS_BDDS_v5.3,Yes,Yes,If(IsOccupiedSpace)=True or (IsHabitableSpace)=True,Yes,,,,,,,,,,,,,,,,,,,,,,,,,
34,Circulation Areas,Open Court,SC_15_15_10,DM_GIS_BDDS_v5.3,No,No,If(IsOccupiedSpace)=True or (IsHabitableSpace)=True,If(IsOccupiedSpace)=True or (IsHabitableSpace)=True,,,,,,,,,,,,,,,,,,,,,,,,,
35,Circulation Areas,Closed Court,SC_15_15_15,DM_GIS_BDDS_v5.3,No,No,If(IsOccupiedSpace)=True or (IsHabitableSpace)=True,If(IsOccupiedSpace)=True or (IsHabitableSpace)=True,,,,,,,,,,,,,,,,,,,,,,,,,
36,Circulation Areas,Courtyard,SC_15_15_20,DM_GIS_BDDS_v5.3,No,No,If(IsOccupiedSpace)=True or (IsHabitableSpace)=True,If(IsOccupiedSpace)=True or (IsHabitableSpace)=True,,,,,,,,,,,,,,,,,,,,,,,,,
37,Circulation Areas,Open To Sky,SC_15_15_25,DM_GIS_BDDS_v5.3,No,No,If(IsOccupiedSpace)=True or (IsHabitableSpace)=True,If(IsOccupiedSpace)=True or (IsHabitableSpace)=True,,,,,,,,,,,,,,,,,,,,,,,,,
38,Circulation Areas,Veranda,SC_15_20_10,DM_GIS_BDDS_v5.3,Yes,Yes,If(IsOccupiedSpace)=True or (IsHabitableSpace)=True,Yes,,,,,,,,,,,,,,,,,,,,,,,,,
39,Circulation Areas,Pathway,SC_15_20_15,DM_GIS_BDDS_v5.3,Yes,Yes,If(IsOccupiedSpace)=True or (IsHabitableSpace)=True,Yes,,,,,,,,,,,,,,,,,,,,,,,,,
40,Circulation Areas,Atrium,SC_15_20_20,DM_GIS_BDDS_v5.3,Yes,Yes,If(IsOccupiedSpace)=True or (IsHabitableSpace)=True,Yes,,,,,,,,,,,,,,,,,,,,,,,,,
41,Circulation Areas,Corridor,SC_15_20_25,DM_GIS_BDDS_v5.3,Yes,Yes,If(IsOccupiedSpace)=True or (IsHabitableSpace)=True,Yes,,,,,,,,,,,,,,,,,,,,,,,,,
42,Circulation Areas,Internal Corridor,SC_15_20_30,DM_GIS_BDDS_v5.3,Yes,Yes,If(IsOccupiedSpace)=True or (IsHabitableSpace)=True,Yes,,,,,,,,,,,,,,,,,,,,,,,,,
43,Circulation Areas,Main Corridor,SC_15_20_35,DM_GIS_BDDS_v5.3,Yes,Yes,If(IsOccupiedSpace)=True or (IsHabitableSpace)=True,Yes,,,,,,,,,,,,,,,,,,,,,,,,,
44,Circulation Areas,Secondary Corridor,SC_15_20_40,DM_GIS_BDDS_v5.3,Yes,Yes,If(IsOccupiedSpace)=True or (IsHabitableSpace)=True,Yes,,,,,,,,,,,,,,,,,,,,,,,,,
45,Circulation Areas,Commercial Corridor,SC_15_20_45,DM_GIS_BDDS_v5.3,Yes,Yes,If(IsOccupiedSpace)=True or (IsHabitableSpace)=True,Yes,,,,,,,,,,,,,,,,,,,,,,,,,
46,Circulation Areas,Hallway,SC_15_20_50,DM_GIS_BDDS_v5.3,Yes,Yes,If(IsOccupiedSpace)=True or (IsHabitableSpace)=True,Yes,,,,,,,,,,,,,,,,,,,,,,,,,
47,Circulation Areas,Lobby,SC_15_25_10,DM_GIS_BDDS_v5.3,Yes,Yes,If(IsOccupiedSpace)=True or (IsHabitableSpace)=True,Yes,,,,,,,,,,,,,,,,,,,,,,,,,
48,Circulation Areas,Lift Lobby,SC_15_25_15,BIM_Standards,Yes,Yes,If(IsOccupiedSpace)=True or (IsHabitableSpace)=True,Yes,,,,,,,,,,,,,,,,,,,,,,,,,
49,Circulation Areas,Lounge,SC_15_25_20,DM_GIS_BDDS_v5.3,Yes,Yes,If(IsOccupiedSpace)=True or (IsHabitableSpace)=True,If(IsOccupiedSpace)=True or (IsHabitableSpace)=True,,,,,,,,,,,,,,,,,,,,,,,,,
50,Circulation Areas,Cultural Hall,SC_15_30_10,DM_GIS_BDDS_v5.3,Yes,Yes,If(IsOccupiedSpace)=True or (IsHabitableSpace)=True,If(IsOccupiedSpace)=True or (IsHabitableSpace)=True,,,,,,,,,,,,,,,,,,,,,,,,,
51,Circulation Areas,Patio,SC_15_35_10,DM_GIS_BDDS_v5.3,Yes If(IfcSpace.IsCovered)=True and (IsLightWeightCovering)=False ,Yes If(IfcSpace.IsCovered)=True and (IsLightWeightCovering)=False And (IsExternal)=False,If(IsOccupiedSpace)=True or (IsHabitableSpace)=True,If(IsOccupiedSpace)=True or (IsHabitableSpace)=True,,,,,,,,,,,,,,,,,,,,,,,,,
52,Circulation Areas,Arcade,SC_15_40_10,DM_GIS_BDDS_v5.3,Yes,Yes,If(IsOccupiedSpace)=True or (IsHabitableSpace)=True,No,,,,,,,,,,,,,,,,,,,,,,,,,
53,Hygiene Areas,Bath Room,SC_20_10_10,DM_GIS_BDDS_v5.3,Yes,Yes,(If(IsOccupiedSpace)=True or (IsHabitableSpace)=True) and (PubliclyAccessible)=False,(If(IsOccupiedSpace)=True or (IsHabitableSpace)=True) and (PubliclyAccessible)=False,,,,,,,,,,,,,,,,,,,,,,,,,
54,Hygiene Areas,Wash Room,SC_20_10_15,DM_GIS_BDDS_v5.3,Yes,Yes,(If(IsOccupiedSpace)=True or (IsHabitableSpace)=True) and (PubliclyAccessible)=False,(If(IsOccupiedSpace)=True or (IsHabitableSpace)=True) and (PubliclyAccessible)=False,,,,,,,,,,,,,,,,,,,,,,,,,
55,Hygiene Areas,Shower Room,SC_20_10_20,DM_GIS_BDDS_v5.3,Yes,Yes,(If(IsOccupiedSpace)=True or (IsHabitableSpace)=True) and (PubliclyAccessible)=False,(If(IsOccupiedSpace)=True or (IsHabitableSpace)=True) and (PubliclyAccessible)=False,,,,,,,,,,,,,,,,,,,,,,,,,
56,Hygiene Areas,Ablution Room,SC_20_10_25,DM_GIS_BDDS_v5.3,Yes,Yes,If(IsOccupiedSpace)=True or (IsHabitableSpace)=True,No,,,,,,,,,,,,,,,,,,,,,,,,,
57,Hygiene Areas,Female Ablution Room,SC_20_10_30,DM_GIS_BDDS_v5.3,Yes,Yes,If(IsOccupiedSpace)=True or (IsHabitableSpace)=True,No,,,,,,,,,,,,,,,,,,,,,,,,,
58,Hygiene Areas,Male Ablution Room,SC_20_10_35,DM_GIS_BDDS_v5.3,Yes,Yes,If(IsOccupiedSpace)=True or (IsHabitableSpace)=True,No,,,,,,,,,,,,,,,,,,,,,,,,,
59,Hygiene Areas,Female Wash Room,SC_20_10_40,DM_GIS_BDDS_v5.3,Yes,Yes,If(IsOccupiedSpace)=True or (IsHabitableSpace)=True,If(IsOccupiedSpace)=True or (IsHabitableSpace)=True,,,,,,,,,,,,,,,,,,,,,,,,,
60,Hygiene Areas,Male Wash Room,SC_20_10_45,DM_GIS_BDDS_v5.3,Yes,Yes,If(IsOccupiedSpace)=True or (IsHabitableSpace)=True,If(IsOccupiedSpace)=True or (IsHabitableSpace)=True,,,,,,,,,,,,,,,,,,,,,,,,,
61,Hygiene Areas,Toilet,SC_20_10_50,DM_GIS_BDDS_v5.3,Yes,Yes,(If(IsOccupiedSpace)=True or (IsHabitableSpace)=True) and (PubliclyAccessible)=False,(If(IsOccupiedSpace)=True or (IsHabitableSpace)=True) and (PubliclyAccessible)=False,,,,,,,,,,,,,,,,,,,,,,,,,
62,Hygiene Areas,Female Toilet,SC_20_10_55,DM_GIS_BDDS_v5.3,Yes,Yes,If(IsOccupiedSpace)=True or (IsHabitableSpace)=True,If(IsOccupiedSpace)=True or (IsHabitableSpace)=True,,,,,,,,,,,,,,,,,,,,,,,,,
63,Hygiene Areas,Male Toilet,SC_20_10_60,DM_GIS_BDDS_v5.3,Yes,Yes,If(IsOccupiedSpace)=True or (IsHabitableSpace)=True,If(IsOccupiedSpace)=True or (IsHabitableSpace)=True,,,,,,,,,,,,,,,,,,,,,,,,,
64,Hygiene Areas,PWD Toilet,SC_20_10_65,DM_GIS_BDDS_v5.3,Yes,Yes,If(IsOccupiedSpace)=True or (IsHabitableSpace)=True,If(IsOccupiedSpace)=True or (IsHabitableSpace)=True,,,,,,,,,,,,,,,,,,,,,,,,,
65,Hygiene Areas,Jacuzzi ,SC_20_15_10,DM_GIS_BDDS_v5.3,Yes,Yes,(If(IsOccupiedSpace)=True or (IsHabitableSpace)=True) and (PubliclyAccessible)=False,(If(IsOccupiedSpace)=True or (IsHabitableSpace)=True) and (PubliclyAccessible)=False,,,,,,,,,,,,,,,,,,,,,,,,,
66,Hygiene Areas,Steam Room,SC_20_15_15,DM_GIS_BDDS_v5.3,Yes,Yes,If(IsOccupiedSpace)=True or (IsHabitableSpace)=True,If(IsOccupiedSpace)=True or (IsHabitableSpace)=True,,,,,,,,,,,,,,,,,,,,,,,,,
67,Hygiene Areas,Sauna,SC_20_15_20,DM_GIS_BDDS_v5.3,Yes,Yes,If(IsOccupiedSpace)=True or (IsHabitableSpace)=True,If(IsOccupiedSpace)=True or (IsHabitableSpace)=True,,,,,,,,,,,,,,,,,,,,,,,,,
68,Hygiene Areas,Changing Room,SC_20_20_10,DM_GIS_BDDS_v5.3,Yes,Yes,If(IsOccupiedSpace)=True or (IsHabitableSpace)=True,If(IsOccupiedSpace)=True or (IsHabitableSpace)=True,,,,,,,,,,,,,,,,,,,,,,,,,
69,Hygiene Areas,Laundry Room,SC_20_20_15,DM_GIS_BDDS_v5.3,Yes,Yes,(If(IsOccupiedSpace)=True or (IsHabitableSpace)=True) and (PubliclyAccessible)=False,(If(IsOccupiedSpace)=True or (IsHabitableSpace)=True) and (PubliclyAccessible)=False,,,,,,,,,,,,,,,,,,,,,,,,,
70,Hygiene Areas,Cupboard,SC_20_20_20,DM_GIS_BDDS_v5.3,Yes,Yes,(If(IsOccupiedSpace)=True or (IsHabitableSpace)=True) and (PubliclyAccessible)=False,(If(IsOccupiedSpace)=True or (IsHabitableSpace)=True) and (PubliclyAccessible)=False,,,,,,,,,,,,,,,,,,,,,,,,,
71,Hygiene Areas,Linen Room,SC_20_20_25,DM_GIS_BDDS_v5.3,Yes,Yes,If(IsOccupiedSpace)=True or (IsHabitableSpace)=True,If(IsOccupiedSpace)=True or (IsHabitableSpace)=True,,,,,,,,,,,,,,,,,,,,,,,,,
72,Hygiene Areas,First Aid Room,SC_20_25_10,DM_GIS_BDDS_v5.3,Yes,Yes,If(IsOccupiedSpace)=True or (IsHabitableSpace)=True,If(IsOccupiedSpace)=True or (IsHabitableSpace)=True,,,,,,,,,,,,,,,,,,,,,,,,,
73,Living Space,Kitchen,SC_25_10_10,DM_GIS_BDDS_v5.3,Yes,Yes,If(IsOccupiedSpace)=True or (IsHabitableSpace)=True,If(IsOccupiedSpace)=True or (IsHabitableSpace)=True,,,,,,,,,,,,,,,,,,,,,,,,,
74,Living Space,Enclosed Kitchen,SC_25_10_15,BIM_Standards,Yes,Yes,If(IsOccupiedSpace)=True or (IsHabitableSpace)=True,If(IsOccupiedSpace)=True or (IsHabitableSpace)=True,,,,,,,,,,,,,,,,,,,,,,,,,
75,Living Space,Open Kitchen,SC_25_10_20,DM_GIS_BDDS_v5.3,Yes,Yes,If(IsOccupiedSpace)=True or (IsHabitableSpace)=True,If(IsOccupiedSpace)=True or (IsHabitableSpace)=True,,,,,,,,,,,,,,,,,,,,,,,,,
76,Living Space,Cloud Kitchen,SC_25_10_25,DM_GIS_BDDS_v5.3,Yes,Yes,If(IsOccupiedSpace)=True or (IsHabitableSpace)=True,If(IsOccupiedSpace)=True or (IsHabitableSpace)=True,,,,,,,,,,,,,,,,,,,,,,,,,
77,Living Space,Kitchen-Dinning,SC_25_10_30,BIM_Standards,Yes,Yes,If(IsOccupiedSpace)=True or (IsHabitableSpace)=True,If(IsOccupiedSpace)=True or (IsHabitableSpace)=True,,,,,,,,,,,,,,,,,,,,,,,,,
78,Living Space,Living Room,SC_25_15_10,DM_GIS_BDDS_v5.3,Yes,Yes,If(IsOccupiedSpace)=True or (IsHabitableSpace)=True,If(IsOccupiedSpace)=True or (IsHabitableSpace)=True,,,,,,,,,,,,,,,,,,,,,,,,,
79,Living Space,Sitting Room,SC_25_15_15,DM_GIS_BDDS_v5.3,Yes,Yes,If(IsOccupiedSpace)=True or (IsHabitableSpace)=True,If(IsOccupiedSpace)=True or (IsHabitableSpace)=True,,,,,,,,,,,,,,,,,,,,,,,,,
80,Living Space,Majlis,SC_25_15_20,DM_GIS_BDDS_v5.3,Yes,Yes,If(IsOccupiedSpace)=True or (IsHabitableSpace)=True,If(IsOccupiedSpace)=True or (IsHabitableSpace)=True,,,,,,,,,,,,,,,,,,,,,,,,,
81,Living Space,Living-Dinning,SC_25_15_25,BIM_Standards,Yes,Yes,If(IsOccupiedSpace)=True or (IsHabitableSpace)=True,If(IsOccupiedSpace)=True or (IsHabitableSpace)=True,,,,,,,,,,,,,,,,,,,,,,,,,
82,Living Space,Dinning Room ,SC_25_20_10,DM_GIS_BDDS_v5.3,Yes,Yes,If(IsOccupiedSpace)=True or (IsHabitableSpace)=True,If(IsOccupiedSpace)=True or (IsHabitableSpace)=True,,,,,,,,,,,,,,,,,,,,,,,,,
83,Living Space,Dinning Hall,SC_25_20_15,DM_GIS_BDDS_v5.3,Yes,Yes,If(IsOccupiedSpace)=True or (IsHabitableSpace)=True,If(IsOccupiedSpace)=True or (IsHabitableSpace)=True,,,,,,,,,,,,,,,,,,,,,,,,,
84,Living Space,Bed Room,SC_25_25_10,DM_GIS_BDDS_v5.3,Yes,Yes,If(IsOccupiedSpace)=True or (IsHabitableSpace)=True,If(IsOccupiedSpace)=True or (IsHabitableSpace)=True,,,,,,,,,,,,,,,,,,,,,,,,,
85,Living Space,Maid Room,SC_25_25_15,DM_GIS_BDDS_v5.3,Yes,Yes,If(IsOccupiedSpace)=True or (IsHabitableSpace)=True,If(IsOccupiedSpace)=True or (IsHabitableSpace)=True,,,,,,,,,,,,,,,,,,,,,,,,,
86,Living Space,Accommodation Room,SC_25_25_20,DM_GIS_BDDS_v5.3,Yes,Yes,If(IsOccupiedSpace)=True or (IsHabitableSpace)=True,If(IsOccupiedSpace)=True or (IsHabitableSpace)=True,,,,,,,,,,,,,,,,,,,,,,,,,
87,Living Space,Supervisor Room,SC_25_25_25,DM_GIS_BDDS_v5.3,Yes,Yes,If(IsOccupiedSpace)=True or (IsHabitableSpace)=True,If(IsOccupiedSpace)=True or (IsHabitableSpace)=True,,,,,,,,,,,,,,,,,,,,,,,,,
88,Living Space,Driver Room,SC_25_25_30,DM_GIS_BDDS_v5.3,Yes,Yes,If(IsOccupiedSpace)=True or (IsHabitableSpace)=True,If(IsOccupiedSpace)=True or (IsHabitableSpace)=True,,,,,,,,,,,,,,,,,,,,,,,,,
89,Living Space,Guard Room,SC_25_25_35,DM_GIS_BDDS_v5.3,Yes,Yes,If(IsOccupiedSpace)=True or (IsHabitableSpace)=True,If(IsOccupiedSpace)=True or (IsHabitableSpace)=True,,,,,,,,,,,,,,,,,,,,,,,,,
90,Living Space,Watchman Room,SC_25_25_40,DM_GIS_BDDS_v5.3,Yes,Yes,If(IsOccupiedSpace)=True or (IsHabitableSpace)=True,If(IsOccupiedSpace)=True or (IsHabitableSpace)=True,,,,,,,,,,,,,,,,,,,,,,,,,
91,Living Space,Study Room,SC_25_30_10,DM_GIS_BDDS_v5.3,Yes,Yes,If(IsOccupiedSpace)=True or (IsHabitableSpace)=True,If(IsOccupiedSpace)=True or (IsHabitableSpace)=True,,,,,,,,,,,,,,,,,,,,,,,,,
92,Living Space,Dressing Room,SC_25_35_10,DM_GIS_BDDS_v5.3,Yes,Yes,If(IsOccupiedSpace)=True or (IsHabitableSpace)=True,If(IsOccupiedSpace)=True or (IsHabitableSpace)=True,,,,,,,,,,,,,,,,,,,,,,,,,
93,Living Space,TV Room,SC_25_40_10,DM_GIS_BDDS_v5.3,Yes,Yes,If(IsOccupiedSpace)=True or (IsHabitableSpace)=True,If(IsOccupiedSpace)=True or (IsHabitableSpace)=True,,,,,,,,,,,,,,,,,,,,,,,,,
94,Other Areas,Driveway,SC_30_10_10,DM_GIS_BDDS_v5.3,Yes,Yes,If(IsOccupiedSpace)=True or (IsHabitableSpace)=True,No,,,,,,,,,,,,,,,,,,,,,,,,,
95,Other Areas,Parking,SC_30_10_15,DM_GIS_BDDS_v5.3,Yes If(IfcSpace.IsCovered)=True and (IsLightWeightCovering)=False ,Yes If(IfcSpace.IsCovered)=True and (IsLightWeightCovering)=False And (IsExternal)=False,If(IsOccupiedSpace)=True or (IsHabitableSpace)=True,No,,,,,,,,,,,,,,,,,,,,,,,,,
96,Other Areas,Bus Parking,SC_30_10_20,DM_GIS_BDDS_v5.3,Yes If(IfcSpace.IsCovered)=True and (IsLightWeightCovering)=False ,Yes If(IfcSpace.IsCovered)=True and (IsLightWeightCovering)=False And (IsExternal)=False,If(IsOccupiedSpace)=True or (IsHabitableSpace)=True,No,,,,,,,,,,,,,,,,,,,,,,,,,
97,Other Areas,Car Ramp,SC_30_10_25,DM_GIS_BDDS_v5.3,Yes If(IfcSpace.IsCovered)=True and (IsLightWeightCovering)=False ,Yes If(IfcSpace.IsCovered)=True and (IsLightWeightCovering)=False And (IsExternal)=False,If(IsOccupiedSpace)=True or (IsHabitableSpace)=True,No,,,,,,,,,,,,,,,,,,,,,,,,,
98,Other Areas,Ramp,SC_30_10_30,DM_GIS_BDDS_v5.3,Yes If(IfcSpace.IsCovered)=True and (IsLightWeightCovering)=False ,Yes If(IfcSpace.IsCovered)=True and (IsLightWeightCovering)=False And (IsExternal)=False,If(IsOccupiedSpace)=True or (IsHabitableSpace)=True,No,,,,,,,,,,,,,,,,,,,,,,,,,
99,Other Areas,Bicycle Parking,SC_30_10_35,DM_GIS_BDDS_v5.3,Yes If(IfcSpace.IsCovered)=True and (IsLightWeightCovering)=False ,Yes If(IfcSpace.IsCovered)=True and (IsLightWeightCovering)=False And (IsExternal)=False,If(IsOccupiedSpace)=True or (IsHabitableSpace)=True,No,,,,,,,,,,,,,,,,,,,,,,,,,
100,Other Areas,Car Parking,SC_30_10_40,DM_GIS_BDDS_v5.3,Yes If(IfcSpace.IsCovered)=True and (IsLightWeightCovering)=False ,Yes If(IfcSpace.IsCovered)=True and (IsLightWeightCovering)=False And (IsExternal)=False,If(IsOccupiedSpace)=True or (IsHabitableSpace)=True,No,,,,,,,,,,,,,,,,,,,,,,,,,
101,Other Areas,Garage,SC_30_10_45,DM_GIS_BDDS_v5.3,Yes,Yes,If(IsOccupiedSpace)=True or (IsHabitableSpace)=True,No,,,,,,,,,,,,,,,,,,,,,,,,,
102,Other Areas,Garbage Room,SC_30_15_10,DM_GIS_BDDS_v5.3,Yes,Yes,If(IsOccupiedSpace)=True or (IsHabitableSpace)=True,No,,,,,,,,,,,,,,,,,,,,,,,,,
103,Other Areas,Main Garbage Room,SC_30_15_15,DM_GIS_BDDS_v5.3,Yes,Yes,If(IsOccupiedSpace)=True or (IsHabitableSpace)=True,No,,,,,,,,,,,,,,,,,,,,,,,,,
104,Other Areas,Garbage Collection Room,SC_30_15_20,DM_GIS_BDDS_v5.3,Yes,Yes,If(IsOccupiedSpace)=True or (IsHabitableSpace)=True,No,,,,,,,,,,,,,,,,,,,,,,,,,
105,Other Areas,Terrace,SC_30_20_10,DM_GIS_BDDS_v5.3,No,No,If(IsOccupiedSpace)=True or (IsHabitableSpace)=True,No,,,,,,,,,,,,,,,,,,,,,,,,,
106,Other Areas,Balcony,SC_30_20_15,DM_GIS_BDDS_v5.3,Yes If(IfcSpace.IsCovered)=True and (IsLightWeightCovering)=False ,No,If(IsOccupiedSpace)=True or (IsHabitableSpace)=True,No,,,,,,,,,,,,,,,,,,,,,,,,,
107,Other Areas,Pergola,SC_30_20_20,DM_GIS_BDDS_v5.3,No,No,If(IsOccupiedSpace)=True or (IsHabitableSpace)=True,No,,,,,,,,,,,,,,,,,,,,,,,,,
108,Other Areas,Store,SC_30_25_10,DM_GIS_BDDS_v5.3,Yes,Yes,If(IsOccupiedSpace)=True or (IsHabitableSpace)=True,Yes,,,,,,,,,,,,,,,,,,,,,,,,,
109,Other Areas,Archive,SC_30_25_15,DM_GIS_BDDS_v5.3,Yes,Yes,If(IsOccupiedSpace)=True or (IsHabitableSpace)=True,Yes,,,,,,,,,,,,,,,,,,,,,,,,,
110,Other Areas,Storing Space,SC_30_25_20,DM_GIS_BDDS_v5.3,Yes,Yes,If(IsOccupiedSpace)=True or (IsHabitableSpace)=True,Yes,,,,,,,,,,,,,,,,,,,,,,,,,
111,Other Areas,Locker Room,SC_30_25_25,DM_GIS_BDDS_v5.3,Yes,Yes,If(IsOccupiedSpace)=True or (IsHabitableSpace)=True,No,,,,,,,,,,,,,,,,,,,,,,,,,
112,Other Areas,Vault Room,SC_30_25_30,DM_GIS_BDDS_v5.3,Yes,Yes,If(IsOccupiedSpace)=True or (IsHabitableSpace)=True,Yes,,,,,,,,,,,,,,,,,,,,,,,,,
113,Other Areas,Janitor room (cleaniner storage),SC_30_25_35,DM_GIS_BDDS_v5.3,Yes,Yes,If(IsOccupiedSpace)=True or (IsHabitableSpace)=True,Yes,,,,,,,,,,,,,,,,,,,,,,,,,
114,Other Areas,Deposite Room,SC_30_25_40,DM_GIS_BDDS_v5.3,Yes,Yes,If(IsOccupiedSpace)=True or (IsHabitableSpace)=True,Yes,,,,,,,,,,,,,,,,,,,,,,,,,
115,Other Areas,Equipment Room,SC_30_25_45,DM_GIS_BDDS_v5.3,Yes,Yes,If(IsOccupiedSpace)=True or (IsHabitableSpace)=True,Yes,,,,,,,,,,,,,,,,,,,,,,,,,
116,Other Areas,PWD Ramp,SC_30_30_10,DM_GIS_BDDS_v5.3,Yes If(IfcSpace.IsCovered)=True and (IsLightWeightCovering)=False ,Yes If(IfcSpace.IsCovered)=True and (IsLightWeightCovering)=False And (IsExternal)=False,If(IsOccupiedSpace)=True or (IsHabitableSpace)=True,If(IsOccupiedSpace)=True or (IsHabitableSpace)=True,,,,,,,,,,,,,,,,,,,,,,,,,
117,Retailing Area,Shop,SC_35_10_10,DM_GIS_BDDS_v5.3,Yes,Yes,If(IsOccupiedSpace)=True or (IsHabitableSpace)=True,If(IsOccupiedSpace)=True or (IsHabitableSpace)=True,,,,,,,,,,,,,,,,,,,,,,,,,
118,Retailing Area,Showroom ,SC_35_10_15,DM_GIS_BDDS_v5.3,Yes,Yes,If(IsOccupiedSpace)=True or (IsHabitableSpace)=True,If(IsOccupiedSpace)=True or (IsHabitableSpace)=True,,,,,,,,,,,,,,,,,,,,,,,,,
119,Retailing Area,Promotion Area,SC_35_10_20,DM_GIS_BDDS_v5.3,Yes,Yes,If(IsOccupiedSpace)=True or (IsHabitableSpace)=True,If(IsOccupiedSpace)=True or (IsHabitableSpace)=True,,,,,,,,,,,,,,,,,,,,,,,,,
120,Technical Services,BMS Room,SC_40_10_10,DM_GIS_BDDS_v5.3,Yes,Yes,If(IsOccupiedSpace)=True or (IsHabitableSpace)=True,No,,,,,,,,,,,,,,,,,,,,,,,,,
121,Technical Services,Control Room,SC_40_10_15,DM_GIS_BDDS_v5.3,Yes,Yes,If(IsOccupiedSpace)=True or (IsHabitableSpace)=True,No,,,,,,,,,,,,,,,,,,,,,,,,,
122,Technical Services,CCTV Room,SC_40_10_20,DM_GIS_BDDS_v5.3,Yes,Yes,If(IsOccupiedSpace)=True or (IsHabitableSpace)=True,No,,,,,,,,,,,,,,,,,,,,,,,,,
123,Technical Services,IT Room,SC_40_10_25,DM_GIS_BDDS_v5.3,Yes,Yes,If(IsOccupiedSpace)=True or (IsHabitableSpace)=True,No,,,,,,,,,,,,,,,,,,,,,,,,,
124,Technical Services,Services Room,SC_40_10_30,DM_GIS_BDDS_v5.3,Yes,Yes,If(IsOccupiedSpace)=True or (IsHabitableSpace)=True,No,,,,,,,,,,,,,,,,,,,,,,,,,
125,Technical Services,Emergency Command Centre,SC_40_10_31,BIM_Standards,Yes,Yes,If(IsOccupiedSpace)=True or (IsHabitableSpace)=True,No,,,,,,,,,,,,,,,,,,,,,,,,,
126,Technical Services,Telephone Room,SC_40_15_10,DM_GIS_BDDS_v5.3,Yes,Yes,If(IsOccupiedSpace)=True or (IsHabitableSpace)=True,No,,,,,,,,,,,,,,,,,,,,,,,,,
127,Technical Services,GSM Room,SC_40_15_15,DM_GIS_BDDS_v5.3,Yes,Yes,If(IsOccupiedSpace)=True or (IsHabitableSpace)=True,No,,,,,,,,,,,,,,,,,,,,,,,,,
128,Technical Services,Gas Room,SC_40_20_10,DM_GIS_BDDS_v5.3,Yes If(IfcSpace.IsCovered)=True and (IsLightWeightCovering)=False ,Yes,If(IsOccupiedSpace)=True or (IsHabitableSpace)=True,No,,,,,,,,,,,,,,,,,,,,,,,,,
129,Technical Services,Water Meter ,SC_40_20_15,DM_GIS_BDDS_v5.3,Yes,Yes,If(IsOccupiedSpace)=True or (IsHabitableSpace)=True,No,,,,,,,,,,,,,,,,,,,,,,,,,
130,Technical Services,Electrical Room,SC_40_25_10,DM_GIS_BDDS_v5.3,Yes,Yes,If(IsOccupiedSpace)=True or (IsHabitableSpace)=True,No,,,,,,,,,,,,,,,,,,,,,,,,,
131,Technical Services,Substation Room,SC_40_25_15,DM_GIS_BDDS_v5.3,Yes,Yes,If(IsOccupiedSpace)=True or (IsHabitableSpace)=True,No,,,,,,,,,,,,,,,,,,,,,,,,,
132,Technical Services,HV Room,SC_40_25_20,DM_GIS_BDDS_v5.3,Yes,Yes,If(IsOccupiedSpace)=True or (IsHabitableSpace)=True,No,,,,,,,,,,,,,,,,,,,,,,,,,
133,Technical Services,LV Room,SC_40_25_25,DM_GIS_BDDS_v5.3,Yes,Yes,If(IsOccupiedSpace)=True or (IsHabitableSpace)=True,No,,,,,,,,,,,,,,,,,,,,,,,,,
134,Technical Services,Transformer Room,SC_40_25_30,DM_GIS_BDDS_v5.3,Yes,Yes,If(IsOccupiedSpace)=True or (IsHabitableSpace)=True,No,,,,,,,,,,,,,,,,,,,,,,,,,
135,Technical Services,RMU Room,SC_40_25_35,DM_GIS_BDDS_v5.3,Yes,Yes,If(IsOccupiedSpace)=True or (IsHabitableSpace)=True,No,,,,,,,,,,,,,,,,,,,,,,,,,
136,Technical Services,Generator Room,SC_40_25_40,BIM_Standards,Yes,Yes,If(IsOccupiedSpace)=True or (IsHabitableSpace)=True,No,,,,,,,,,,,,,,,,,,,,,,,,,
137,Technical Services,MEP Room,SC_40_25_45,DM_GIS_BDDS_v5.3,Yes,Yes,If(IsOccupiedSpace)=True or (IsHabitableSpace)=True,No,,,,,,,,,,,,,,,,,,,,,,,,,
138,Technical Services,Water Tank,SC_40_30_10,DM_GIS_BDDS_v5.3,Yes,Yes,If(IsOccupiedSpace)=True or (IsHabitableSpace)=True,No,,,,,,,,,,,,,,,,,,,,,,,,,
139,Technical Services,Water Room,SC_40_30_15,DM_GIS_BDDS_v5.3,Yes,Yes,If(IsOccupiedSpace)=True or (IsHabitableSpace)=True,No,,,,,,,,,,,,,,,,,,,,,,,,,
140,Technical Services,Pump Room,SC_40_30_20,DM_GIS_BDDS_v5.3,Yes,Yes,If(IsOccupiedSpace)=True or (IsHabitableSpace)=True,No,,,,,,,,,,,,,,,,,,,,,,,,,
141,Technical Services,Mechanical Room,SC_40_35_15,DM_GIS_BDDS_v5.3,Yes If(IfcSpace.IsCovered)=True and (IsLightWeightCovering)=False ,Yes,If(IsOccupiedSpace)=True or (IsHabitableSpace)=True,No,,,,,,,,,,,,,,,,,,,,,,,,,
142,Technical Services,Elevator Room,SC_40_35_25,DM_GIS_BDDS_v5.3,Yes,Yes,If(IsOccupiedSpace)=True or (IsHabitableSpace)=True,No,,,,,,,,,,,,,,,,,,,,,,,,,
143,Technical Services,HVAC Room,SC_40_35_30,DM_GIS_BDDS_v5.3,Yes,Yes,If(IsOccupiedSpace)=True or (IsHabitableSpace)=True,No,,,,,,,,,,,,,,,,,,,,,,,,,
144,Technical Services,Fan Room,SC_40_35_35,DM_GIS_BDDS_v5.3,Yes,Yes,If(IsOccupiedSpace)=True or (IsHabitableSpace)=True,No,,,,,,,,,,,,,,,,,,,,,,,,,
145,Technical Services,Compressor Room,SC_40_35_40,DM_GIS_BDDS_v5.3,Yes,Yes,If(IsOccupiedSpace)=True or (IsHabitableSpace)=True,No,,,,,,,,,,,,,,,,,,,,,,,,,
146,Technical Services,Fire Hose Cabinet,SC_40_35_45,DM_GIS_BDDS_v5.3,Yes,Yes,If(IsOccupiedSpace)=True or (IsHabitableSpace)=True,No,,,,,,,,,,,,,,,,,,,,,,,,,
147,Technical Services,FIC,SC_40_40_10,BPC_LookupV2.0.xlsx,Yes,Yes,If(IsOccupiedSpace)=True or (IsHabitableSpace)=True,No,,,,,,,,,,,,,,,,,,,,,,,,,
148,Technical Services,Mailbox Room,SC_40_45_10,DM_GIS_BDDS_v5.3,Yes,Yes,If(IsOccupiedSpace)=True or (IsHabitableSpace)=True,No,,,,,,,,,,,,,,,,,,,,,,,,,
149,Vertical Penetrations,Staircase,SC_45_10_10,DM_GIS_BDDS_v5.3,Yes,Yes,If(IsOccupiedSpace)=True or (IsHabitableSpace)=True,Yes,,,,,,,,,,,,,,,,,,,,,,,,,
150,Vertical Penetrations,Staircase Opening,SC_45_10_15,DM_GIS_BDDS_v5.3,Yes,Yes,If(IsOccupiedSpace)=True or (IsHabitableSpace)=True,Yes,,,,,,,,,,,,,,,,,,,,,,,,,
151,Vertical Penetrations,Escalator,SC_45_10_20,DM_GIS_BDDS_v5.3,Yes,Yes,If(IsOccupiedSpace)=True or (IsHabitableSpace)=True,Yes,,,,,,,,,,,,,,,,,,,,,,,,,
152,Vertical Penetrations,Elevator (Lift opening),SC_45_10_25,DM_GIS_BDDS_v5.3,No,No,If(IsOccupiedSpace)=True or (IsHabitableSpace)=True,No,,,,,,,,,,,,,,,,,,,,,,,,,
153,Vertical Penetrations,Shaft,SC_45_15_10,DM_GIS_BDDS_v5.3,No,No,If(IsOccupiedSpace)=True or (IsHabitableSpace)=True,No,,,,,,,,,,,,,,,,,,,,,,,,,
154,Vertical Penetrations,Duct,SC_45_15_15,DM_GIS_BDDS_v5.3,No,No,If(IsOccupiedSpace)=True or (IsHabitableSpace)=True,No,,,,,,,,,,,,,,,,,,,,,,,,,
155,Vertical Penetrations,HVAC,SC_45_15_20,DM_GIS_BDDS_v5.3,No,No,If(IsOccupiedSpace)=True or (IsHabitableSpace)=True,No,,,,,,,,,,,,,,,,,,,,,,,,,
156,Vertical Penetrations,Garbage Chute,SC_45_15_25,DM_GIS_BDDS_v5.3,No,No,If(IsOccupiedSpace)=True or (IsHabitableSpace)=True,No,,,,,,,,,,,,,,,,,,,,,,,,,
157,Vertical Penetrations,Roof Drain,SC_45_15_30,DM_GIS_BDDS_v5.3,No,No,If(IsOccupiedSpace)=True or (IsHabitableSpace)=True,No,,,,,,,,,,,,,,,,,,,,,,,,,
158,Vertical Penetrations,Void,SC_45_20_10,DM_GIS_BDDS_v5.3,No,No,If(IsOccupiedSpace)=True or (IsHabitableSpace)=True,No,,,,,,,,,,,,,,,,,,,,,,,,,
159,Workspace,Reception,SC_50_10_10,DM_GIS_BDDS_v5.3,Yes,Yes,If(IsOccupiedSpace)=True or (IsHabitableSpace)=True,If(IsOccupiedSpace)=True or (IsHabitableSpace)=True,,,,,,,,,,,,,,,,,,,,,,,,,
160,Workspace,Office,SC_50_15_10,DM_GIS_BDDS_v5.3,Yes,Yes,If(IsOccupiedSpace)=True or (IsHabitableSpace)=True,If(IsOccupiedSpace)=True or (IsHabitableSpace)=True,,,,,,,,,,,,,,,,,,,,,,,,,
161,Workspace,Enclosed Office,SC_50_15_15,DM_GIS_BDDS_v5.3,Yes,Yes,If(IsOccupiedSpace)=True or (IsHabitableSpace)=True,If(IsOccupiedSpace)=True or (IsHabitableSpace)=True,,,,,,,,,,,,,,,,,,,,,,,,,
162,Workspace,Open Office,SC_50_15_20,DM_GIS_BDDS_v5.3,Yes,Yes,If(IsOccupiedSpace)=True or (IsHabitableSpace)=True,If(IsOccupiedSpace)=True or (IsHabitableSpace)=True,,,,,,,,,,,,,,,,,,,,,,,,,
163,Workspace,Government Office,SC_50_15_25,DM_GIS_BDDS_v5.3,Yes,Yes,If(IsOccupiedSpace)=True or (IsHabitableSpace)=True,If(IsOccupiedSpace)=True or (IsHabitableSpace)=True,,,,,,,,,,,,,,,,,,,,,,,,,
164,Workspace,Business Center Office,SC_50_15_30,DM_GIS_BDDS_v5.3,Yes,Yes,If(IsOccupiedSpace)=True or (IsHabitableSpace)=True,If(IsOccupiedSpace)=True or (IsHabitableSpace)=True,,,,,,,,,,,,,,,,,,,,,,,,,
165,Workspace,Civil Defense Room,SC_50_15_35,DM_GIS_BDDS_v5.3,Yes,Yes,If(IsOccupiedSpace)=True or (IsHabitableSpace)=True,If(IsOccupiedSpace)=True or (IsHabitableSpace)=True,,,,,,,,,,,,,,,,,,,,,,,,,
166,Workspace,Meeting Room,SC_50_15_40,DM_GIS_BDDS_v5.3,Yes,Yes,If(IsOccupiedSpace)=True or (IsHabitableSpace)=True,If(IsOccupiedSpace)=True or (IsHabitableSpace)=True,,,,,,,,,,,,,,,,,,,,,,,,,
167,Workspace,Conference Hall,SC_50_15_45,DM_GIS_BDDS_v5.3,Yes,Yes,If(IsOccupiedSpace)=True or (IsHabitableSpace)=True,If(IsOccupiedSpace)=True or (IsHabitableSpace)=True,,,,,,,,,,,,,,,,,,,,,,,,,
168,Workspace,Working Station,SC_50_15_50,DM_GIS_BDDS_v5.3,Yes,Yes,If(IsOccupiedSpace)=True or (IsHabitableSpace)=True,If(IsOccupiedSpace)=True or (IsHabitableSpace)=True,,,,,,,,,,,,,,,,,,,,,,,,,
169,Workspace,Commercial Area ,SC_50_15_55,DM_GIS_BDDS_v5.3,Yes,Yes,If(IsOccupiedSpace)=True or (IsHabitableSpace)=True,If(IsOccupiedSpace)=True or (IsHabitableSpace)=True,,,,,,,,,,,,,,,,,,,,,,,,,
170,Workspace,Printer Room,SC_50_15_60,DM_GIS_BDDS_v5.3,Yes,Yes,If(IsOccupiedSpace)=True or (IsHabitableSpace)=True,If(IsOccupiedSpace)=True or (IsHabitableSpace)=True,,,,,,,,,,,,,,,,,,,,,,,,,
171,Workspace,Education,SC_50_20_10,DM_GIS_BDDS_v5.3,Yes,Yes,If(IsOccupiedSpace)=True or (IsHabitableSpace)=True,If(IsOccupiedSpace)=True or (IsHabitableSpace)=True,,,,,,,,,,,,,,,,,,,,,,,,,
172,Workspace,Class Room,SC_50_20_15,DM_GIS_BDDS_v5.3,Yes,Yes,If(IsOccupiedSpace)=True or (IsHabitableSpace)=True,If(IsOccupiedSpace)=True or (IsHabitableSpace)=True,,,,,,,,,,,,,,,,,,,,,,,,,
173,Workspace,Lecture Hall,SC_50_20_20,DM_GIS_BDDS_v5.3,Yes,Yes,If(IsOccupiedSpace)=True or (IsHabitableSpace)=True,If(IsOccupiedSpace)=True or (IsHabitableSpace)=True,,,,,,,,,,,,,,,,,,,,,,,,,
174,Workspace,Training Room,SC_50_20_25,DM_GIS_BDDS_v5.3,Yes,Yes,If(IsOccupiedSpace)=True or (IsHabitableSpace)=True,If(IsOccupiedSpace)=True or (IsHabitableSpace)=True,,,,,,,,,,,,,,,,,,,,,,,,,
175,Workspace,Warehouse,SC_50_25_10,DM_GIS_BDDS_v5.3,Yes,Yes,If(IsOccupiedSpace)=True or (IsHabitableSpace)=True,If(IsOccupiedSpace)=True or (IsHabitableSpace)=True,,,,,,,,,,,,,,,,,,,,,,,,,
176,Workspace,Production Area,SC_50_25_15,DM_GIS_BDDS_v5.3,Yes,Yes,If(IsOccupiedSpace)=True or (IsHabitableSpace)=True,If(IsOccupiedSpace)=True or (IsHabitableSpace)=True,,,,,,,,,,,,,,,,,,,,,,,,,
177,Workspace,Workshop,SC_50_25_20,DM_GIS_BDDS_v5.3,Yes,Yes,If(IsOccupiedSpace)=True or (IsHabitableSpace)=True,If(IsOccupiedSpace)=True or (IsHabitableSpace)=True,,,,,,,,,,,,,,,,,,,,,,,,,
178,Workspace,Loading Area,SC_50_25_25,DM_GIS_BDDS_v5.3,Yes,Yes,If(IsOccupiedSpace)=True or (IsHabitableSpace)=True,No,,,,,,,,,,,,,,,,,,,,,,,,,
179,Workspace,Unloading Area,SC_50_25_30,DM_GIS_BDDS_v5.3,Yes,Yes,If(IsOccupiedSpace)=True or (IsHabitableSpace)=True,No,,,,,,,,,,,,,,,,,,,,,,,,,
180,Workspace,Medical Room,SC_50_30_10,DM_GIS_BDDS_v5.3,Yes,Yes,If(IsOccupiedSpace)=True or (IsHabitableSpace)=True,If(IsOccupiedSpace)=True or (IsHabitableSpace)=True,,,,,,,,,,,,,,,,,,,,,,,,,
181,Workspace,Consultation Room,SC_50_30_15,DM_GIS_BDDS_v5.3,Yes,Yes,If(IsOccupiedSpace)=True or (IsHabitableSpace)=True,If(IsOccupiedSpace)=True or (IsHabitableSpace)=True,,,,,,,,,,,,,,,,,,,,,,,,,
182,Workspace,Operation Room,SC_50_30_20,BPC_LookupV2.0.xlsx,Yes,Yes,If(IsOccupiedSpace)=True or (IsHabitableSpace)=True,If(IsOccupiedSpace)=True or (IsHabitableSpace)=True,,,,,,,,,,,,,,,,,,,,,,,,,
183,Workspace,Server Room,SC_50_35_10,DM_GIS_BDDS_v5.3,Yes,Yes,If(IsOccupiedSpace)=True or (IsHabitableSpace)=True,No,,,,,,,,,,,,,,,,,,,,,,,,,
184,Workspace,Hotel Room,SC_50_40_10,DM_GIS_BDDS_v5.3,Yes,Yes,If(IsOccupiedSpace)=True or (IsHabitableSpace)=True,If(IsOccupiedSpace)=True or (IsHabitableSpace)=True,,,,,,,,,,,,,,,,,,,,,,,,,
